<?xml version="1.0" encoding="UTF-8" ?>
	<extension type="package" method="upgrade">
	<name>pkg_structuredataghsvs</name>
	<packagename>structuredataghsvs</packagename>
	<author>G@HService Berlin Neukölln, Volkmar Volli Schlothauer</author>
	<creationDate>2021-07-03</creationDate>
	<copyright>(C) 2021, G@HService Berlin Neukölln, Volkmar Volli Schlothauer (ghsvs.de)</copyright>
	<license>GNU General Public License version 3 or later; see LICENSE.txt.</license>
	<authorUrl>https://ghsvs.de</authorUrl>
	<version>2021.10.21</version>
	<description>Joomla package/library. PHP library spatie/schema-org for structured data.</description>

	<updateservers><server type="extension" priority="1" name="LIB_STRUCTUREDATAGHSVS">https://raw.githubusercontent.com/GHSVS-de/upadateservers/master/lib_structuredataghsvs-update.xml</server></updateservers>

	<changelogurl>https://raw.githubusercontent.com/GHSVS-de/upadateservers/master/lib_structuredataghsvs-changelog.xml</changelogurl>

	<infourl>https://updates.ghsvs.de/changelog.php?file=lib_structuredataghsvs</infourl>

	<minimumPhp>7.4.0</minimumPhp>
	<maximumPhp>8.99999.99999</maximumPhp>
	<minimumJoomla>3.9.8</minimumJoomla>
	<maximumJoomla></maximumJoomla>
	<allowDowngrades>1</allowDowngrades>

	<scriptfile>installerScript.php</scriptfile>

	<files folder="packages">
		<file type="library" id="structuredataghsvs">lib_structuredataghsvs-2021.10.21_3.8.0.0.zip</file>
	</files>

	<files>
		<filename>installerScript.php</filename>
		<filename>LICENSE.txt</filename>
	</files>

	<blockChildUninstall>true</blockChildUninstall>
 </extension>
